INSERT INTO users (id, email, name, password)
VALUES (1, 'alfonz31@email.com', 'alfonz31', '$2a$10$yrIBgrnKfTloOEJx.VG22eghjdQJxmU/1jkosrWZZ1vswCwd/OurS'),
       (2, 'bartal50@email.com', 'bartal50', '$2a$10$yrIBgrnKfTloOEJx.VG22eghjdQJxmU/1jkosrWZZ1vswCwd/OurS'),
       (3, 'cirilla77@email.com', 'cirilla77', '$2a$10$yrIBgrnKfTloOEJx.VG22eghjdQJxmU/1jkosrWZZ1vswCwd/OurS'),
       (4, 'demeter47@email.com', 'demeter47', '$2a$10$yrIBgrnKfTloOEJx.VG22eghjdQJxmU/1jkosrWZZ1vswCwd/OurS'),
       (5, 'elmira92@email.com', 'elmira92', '$2a$10$yrIBgrnKfTloOEJx.VG22eghjdQJxmU/1jkosrWZZ1vswCwd/OurS'),
       (6, 'frigyes19@email.com', 'frigyes19', '$2a$10$yrIBgrnKfTloOEJx.VG22eghjdQJxmU/1jkosrWZZ1vswCwd/OurS'),
       (7, 'gilda27@email.com', 'gilda27', '$2a$10$yrIBgrnKfTloOEJx.VG22eghjdQJxmU/1jkosrWZZ1vswCwd/OurS'),
       (8, 'hont9@email.com', 'hont9', '$2a$10$yrIBgrnKfTloOEJx.VG22eghjdQJxmU/1jkosrWZZ1vswCwd/OurS'),
       (9, 'ingrid7@email.com', 'ingrid7', '$2a$10$yrIBgrnKfTloOEJx.VG22eghjdQJxmU/1jkosrWZZ1vswCwd/OurS'),
       (10, 'jakab68@email.com', 'jakab68', '$2a$10$yrIBgrnKfTloOEJx.VG22eghjdQJxmU/1jkosrWZZ1vswCwd/OurS'),
       (11, 'olter@email.com', 'olter', '$2a$10$yrIBgrnKfTloOEJx.VG22eghjdQJxmU/1jkosrWZZ1vswCwd/OurS');

INSERT INTO games (id, turn, downward_discard, killed_character, robbed_character, bewitched_character, is_final_turn, phase, current_player)
VALUES (1, 11,6, null, null, null, false, 'TURN', 4),
       (2, 0, null, null, null, null, false, 'NOT_STARTED', null);

INSERT INTO lobbies (id, code, max_members, name, owner, password, secured, status, game_id)
VALUES (1, 'N0X5T4R7', 7, 'alfonz31 lobbija', 1, null, false, 'ONGOING', 1),
       (2, 'PR07XL08', 7, 'cirilla77 csapata', 3, '$2a$10$yrIBgrnKfTloOEJx.VG22eghjdQJxmU/1jkosrWZZ1vswCwd/OurS', true, 'CREATED', 2);

INSERT INTO lobby_users (lobby_id, user_id)
VALUES (1, 1), (1, 2),(1, 3), (1, 4),
       (2, 3);

INSERT INTO players (id, user_id, gold, points, build_limit, revealed, ability_target, character_number, player_order, using_ability, game_id)
VALUES (1, 1, 2, 24, 1, true, null, 2, 3, null, 1),
       (2, 2, 0, 13, 1, false, null, 8, 4, null, 1),
       (3, 3, 2, 13, 1, false, null, 7, 1, null, 1),
       (4, 4, 3, 17, 1, true, null, 3, 2, null, 1),
       (5, 3, null, null, null, false, null, null, 1, null, 2);

INSERT INTO game_characters (game_id, character_id)
VALUES (1, 1), (1, 2), (1, 3), (1, 4), (1, 5), (1, 6), (1, 7), (1, 8),
       (2, 1), (2, 2), (2, 3), (2, 4), (2, 5), (2, 6), (2, 7), (2, 8);

INSERT INTO game_unique_districts (game_id, district_id)
VALUES (1, 39), (1, 28), (1, 30), (1, 21), (1, 26), (1, 35), (1, 33), (1, 44), (1, 34), (1, 47), (1, 32), (1, 42), (1, 46), (1, 31),
       (2, 39), (2, 28), (2, 30), (2, 21), (2, 26), (2, 35), (2, 33), (2, 44), (2, 34), (2, 47), (2, 32), (2, 42), (2, 46), (2, 31);

INSERT INTO game_deck (game_id, district_id)
VALUES  (1, 1), (1, 8), (1, 26), (1, 39), (1, 9), (1, 47), (1, 6), (1, 17), (1, 16), (1, 9), (1, 35), (1, 17), (1, 5), (1, 13), (1, 8), (1, 3), (1, 6), (1, 16), (1, 3), (1, 10), (1, 4), (1, 12), (1, 8), (1, 15), (1, 7), (1, 8), (1, 4), (1, 5), (1, 15), (1, 14), (1, 1);

INSERT INTO game_discarded_characters (game_id, character_number)
VALUES  (1, 5), (1, 5);

INSERT INTO player_conditions (player_id, conditions)
VALUES  (3, 'CROWNED');

INSERT INTO player_districts (player_id, district_id)
VALUES  (1, 11), (1, 6), (1, 46), (1, 42), (1, 44), (1, 2),
        (2, 1), (2, 28), (2, 14), (2, 30), (2, 10),
        (3, 11), (3, 1), (3, 21), (3, 15),
        (4, 1), (4, 31), (4, 10), (4, 13), (4, 5);

INSERT INTO player_hand (player_id, district_id)
VALUES  (1, 12), (1, 16),
        (2, 12),
        (3, 3), (3, 33),
        (4, 32), (4, 34);

INSERT INTO player_skipped_characters (player_id, skipped_characters)
VALUES  (1, 1), (1, 4), (1, 8),
        (2, 1), (2, 4),
        (3, 1), (3, 2), (3, 3), (3, 4), (3, 8),
        (4, 1), (4, 2), (4, 4), (4, 8);

INSERT INTO player_unavailable_characters (player_id, unavailable_characters)
VALUES  (1, 7), (1, 3), (1, 6),
        (2, 7), (2, 3), (2, 2), (2, 6),
        (3, 6),
        (4, 7), (4, 6);

INSERT INTO player_used_abilities (player_id, used_abilities)
VALUES  (1, 'THIEF'), (4, 'MAGICIAN_PLAYER'), (4, 'MAGICIAN_DECK');

INSERT INTO loaf_db.logs (id, log_type, player_id, source, target, turn)
VALUES  (1000000, 'SELECT_CHARACTER', 4, null, '2', 1),
        (1000001, 'SELECT_CHARACTER', 1, null, '7', 1),
        (1000002, 'SELECT_CHARACTER', 2, null, '4', 1),
        (1000003, 'SELECT_CHARACTER', 3, null, '1', 1),
        (1000004, 'GATHER_RESOURCE', 3, null, 'GOLD', 1),
        (1000005, 'BUILD', 3, null, '11', 1),
        (1000006, 'ABILITY_USE', 3, 'ASSASSIN', '7', 1),
        (1000007, 'GATHER_RESOURCE', 4, null, 'GOLD', 1),
        (1000008, 'BUILD', 4, null, '1', 1),
        (1000009, 'ABILITY_USE', 4, 'THIEF', '4', 1),
        (1000010, 'GATHER_RESOURCE', 2, null, 'GOLD', 1),
        (1000011, 'ABILITY_USE', 2, 'NOBLE_GOLD', null, 1),
        (1000012, 'SELECT_CHARACTER', 2, null, '6', 2),
        (1000013, 'SELECT_CHARACTER', 3, null, '2', 2),
        (1000014, 'SELECT_CHARACTER', 4, null, '4', 2),
        (1000015, 'SELECT_CHARACTER', 1, null, '7', 2),
        (1000016, 'GATHER_RESOURCE', 3, null, 'GOLD', 2),
        (1000017, 'ABILITY_USE', 3, 'THIEF', '6', 2),
        (1000018, 'BUILD', 3, null, '15', 2),
        (1000019, 'GATHER_RESOURCE', 4, null, 'GOLD', 2),
        (1000020, 'BUILD', 4, null, '31', 2),
        (1000021, 'ABILITY_USE', 4, 'NOBLE_GOLD', null, 2),
        (1000022, 'GATHER_RESOURCE', 2, null, 'GOLD', 2),
        (1000023, 'ABILITY_USE', 2, 'MERCHANT', null, 2),
        (1000024, 'BUILD', 2, null, '1', 2),
        (1000025, 'GATHER_RESOURCE', 1, null, 'GOLD', 2),
        (1000026, 'ABILITY_USE', 1, 'ARCHITECT', null, 2),
        (1000027, 'BUILD', 1, null, '2', 2),
        (1000028, 'SELECT_CHARACTER', 4, null, '3', 3),
        (1000029, 'SELECT_CHARACTER', 1, null, '4', 3),
        (1000030, 'SELECT_CHARACTER', 2, null, '7', 3),
        (1000031, 'SELECT_CHARACTER', 3, null, '8', 3),
        (1000032, 'GATHER_RESOURCE', 4, null, 'GOLD', 3),
        (1000033, 'BUILD', 4, null, '5', 3),
        (1000034, 'ABILITY_USE', 4, 'MAGICIAN_PLAYER', '1', 3),
        (1000035, 'GATHER_RESOURCE', 1, null, 'GOLD', 3),
        (1000036, 'BUILD', 1, null, '4', 3),
        (1000037, 'GATHER_RESOURCE', 2, null, 'GOLD', 3),
        (1000038, 'ABILITY_USE', 2, 'ARCHITECT', null, 3),
        (1000039, 'GATHER_RESOURCE', 3, null, 'CARDS', 3),
        (1000040, 'BUILD', 3, null, '1', 3),
        (1000041, 'ABILITY_USE', 3, 'WARLORD', '1', 3),
        (1000042, 'ABILITY_USE', 3, 'WARLORD', '1', 3),
        (1000043, 'ABILITY_USE', 3, 'MILITARY_GOLD', null, 3),
        (1000044, 'SELECT_CHARACTER', 1, null, '7', 4),
        (1000045, 'SELECT_CHARACTER', 2, null, '6', 4),
        (1000046, 'SELECT_CHARACTER', 3, null, '8', 4),
        (1000047, 'SELECT_CHARACTER', 4, null, '4', 4),
        (1000048, 'GATHER_RESOURCE', 4, null, 'GOLD', 4),
        (1000049, 'ABILITY_USE', 4, 'NOBLE_GOLD', null, 4),
        (1000050, 'BUILD', 4, null, '12', 4),
        (1000051, 'GATHER_RESOURCE', 2, null, 'GOLD', 4),
        (1000052, 'ABILITY_USE', 2, 'MERCHANT', null, 4),
        (1000053, 'BUILD', 2, null, '28', 4),
        (1000054, 'GATHER_RESOURCE', 1, null, 'GOLD', 4),
        (1000055, 'ABILITY_USE', 1, 'ARCHITECT', null, 4),
        (1000056, 'BUILD', 1, null, '11', 4),
        (1000057, 'GATHER_RESOURCE', 3, null, 'GOLD', 4),
        (1000058, 'BUILD', 3, null, '8', 4),
        (1000059, 'ABILITY_USE', 3, 'MILITARY_GOLD', null, 4),
        (1000060, 'ABILITY_USE', 3, 'WARLORD', '3', 4),
        (1000061, 'ABILITY_USE', 3, 'WARLORD', '4', 4),
        (1000062, 'SELECT_CHARACTER', 4, null, '6', 5),
        (1000063, 'SELECT_CHARACTER', 1, null, '3', 5),
        (1000064, 'SELECT_CHARACTER', 2, null, '8', 5),
        (1000065, 'SELECT_CHARACTER', 3, null, '7', 5),
        (1000066, 'GATHER_RESOURCE', 1, null, 'GOLD', 5),
        (1000067, 'ABILITY_USE', 1, 'MAGICIAN_PLAYER', '2', 5),
        (1000068, 'GATHER_RESOURCE', 4, null, 'GOLD', 5),
        (1000069, 'ABILITY_USE', 4, 'MERCHANT', null, 5),
        (1000070, 'BUILD', 4, null, '10', 5),
        (1000071, 'ABILITY_USE', 4, 'TRADE_GOLD', null, 5),
        (1000072, 'GATHER_RESOURCE', 3, null, 'GOLD', 5),
        (1000073, 'ABILITY_USE', 3, 'ARCHITECT', null, 5),
        (1000074, 'GATHER_RESOURCE', 2, null, 'GOLD', 5),
        (1000075, 'BUILD', 2, null, '14', 5),
        (1000076, 'ABILITY_USE', 2, 'MILITARY_GOLD', null, 5),
        (1000077, 'ABILITY_USE', 2, 'WARLORD', '3', 5),
        (1000078, 'ABILITY_USE', 2, 'WARLORD', '3', 5),
        (1000079, 'SELECT_CHARACTER', 4, null, '2', 6),
        (1000080, 'SELECT_CHARACTER', 1, null, '6', 6),
        (1000081, 'SELECT_CHARACTER', 2, null, '8', 6),
        (1000082, 'SELECT_CHARACTER', 3, null, '4', 6),
        (1000083, 'GATHER_RESOURCE', 4, null, 'CARDS', 6),
        (1000084, 'BUILD', 4, null, '15', 6),
        (1000085, 'ABILITY_USE', 4, 'THIEF', '4', 6),
        (1000086, 'GATHER_RESOURCE', 3, null, 'GOLD', 6),
        (1000087, 'ABILITY_USE', 3, 'NOBLE_GOLD', null, 6),
        (1000088, 'GATHER_RESOURCE', 1, null, 'CARDS', 6),
        (1000089, 'ABILITY_USE', 1, 'MERCHANT', null, 6),
        (1000090, 'ABILITY_USE', 1, 'TRADE_GOLD', null, 6),
        (1000091, 'BUILD', 1, null, '6', 6),
        (1000092, 'GATHER_RESOURCE', 2, null, 'CARDS', 6),
        (1000093, 'ABILITY_USE', 2, 'MILITARY_GOLD', null, 6),
        (1000094, 'BUILD', 2, null, '4', 6),
        (1000095, 'ABILITY_USE', 2, 'WARLORD', '4', 6),
        (1000096, 'ABILITY_USE', 2, 'WARLORD', '4', 6),
        (1000097, 'SELECT_CHARACTER', 3, null, '6', 7),
        (1000098, 'SELECT_CHARACTER', 4, null, '5', 7),
        (1000099, 'SELECT_CHARACTER', 1, null, '4', 7),
        (1000100, 'SELECT_CHARACTER', 2, null, '8', 7),
        (1000101, 'SELECT_CHARACTER', 2, null, '8', 7),
        (1000102, 'GATHER_RESOURCE', 1, null, 'GOLD', 7),
        (1000103, 'ABILITY_USE', 1, 'NOBLE_GOLD', null, 7),
        (1000104, 'ABILITY_USE', 1, 'THIEVES_DEN', '[1, 3]', 7),
        (1000105, 'GATHER_RESOURCE', 4, null, 'GOLD', 7),
        (1000106, 'ABILITY_USE', 4, 'RELIGIOUS_GOLD', null, 7),
        (1000107, 'BUILD', 4, null, '13', 7),
        (1000108, 'GATHER_RESOURCE', 3, null, 'GOLD', 7),
        (1000109, 'ABILITY_USE', 3, 'MERCHANT', null, 7),
        (1000110, 'ABILITY_USE', 3, 'TRADE_GOLD', null, 7),
        (1000111, 'BUILD', 3, null, '21', 7),
        (1000112, 'GATHER_RESOURCE', 2, null, 'CARDS', 7),
        (1000113, 'ABILITY_USE', 2, 'MILITARY_GOLD', null, 7),
        (1000114, 'ABILITY_USE', 2, 'WARLORD', '3', 7),
        (1000115, 'ABILITY_USE', 2, 'WARLORD', '2', 7),
        (1000116, 'BUILD', 2, null, '30', 7),
        (1000117, 'SELECT_CHARACTER', 1, null, '7', 8),
        (1000118, 'SELECT_CHARACTER', 2, null, '8', 8),
        (1000119, 'SELECT_CHARACTER', 3, null, '1', 8),
        (1000120, 'SELECT_CHARACTER', 4, null, '4', 8),
        (1000121, 'GATHER_RESOURCE', 3, null, 'GOLD', 8),
        (1000122, 'ABILITY_USE', 3, 'ASSASSIN', '4', 8),
        (1000123, 'GATHER_RESOURCE', 1, null, 'GOLD', 8),
        (1000124, 'ABILITY_USE', 1, 'ARCHITECT', null, 8),
        (1000125, 'GATHER_RESOURCE', 2, null, 'GOLD', 8),
        (1000126, 'ABILITY_USE', 2, 'MILITARY_GOLD', null, 8),
        (1000127, 'ABILITY_USE', 2, 'WARLORD', '2', 8),
        (1000128, 'ABILITY_USE', 2, 'WARLORD', '4', 8),
        (1000129, 'SELECT_CHARACTER', 4, null, '5', 9),
        (1000130, 'SELECT_CHARACTER', 1, null, '2', 9),
        (1000131, 'SELECT_CHARACTER', 2, null, '8', 9),
        (1000132, 'SELECT_CHARACTER', 3, null, '4', 9),
        (1000133, 'GATHER_RESOURCE', 1, null, 'GOLD', 9),
        (1000134, 'ABILITY_USE', 1, 'THIEF', '4', 9),
        (1000135, 'BUILD', 1, null, '42', 9),
        (1000136, 'GATHER_RESOURCE', 3, null, 'CARDS', 9),
        (1000137, 'ABILITY_USE', 3, 'NOBLE_GOLD', null, 9),
        (1000138, 'GATHER_RESOURCE', 4, null, 'GOLD', 9),
        (1000139, 'BUILD', 4, null, '5', 9),
        (1000140, 'ABILITY_USE', 4, 'RELIGIOUS_GOLD', null, 9),
        (1000141, 'GATHER_RESOURCE', 2, null, 'CARDS', 9),
        (1000142, 'ABILITY_USE', 2, 'MILITARY_GOLD', null, 9),
        (1000143, 'ABILITY_USE', 2, 'WARLORD', '1', 9),
        (1000144, 'ABILITY_USE', 2, 'WARLORD', '3', 9),
        (1000145, 'SELECT_CHARACTER', 3, null, '2', 10),
        (1000146, 'SELECT_CHARACTER', 4, null, '5', 10),
        (1000147, 'SELECT_CHARACTER', 1, null, '1', 10),
        (1000148, 'SELECT_CHARACTER', 2, null, '3', 10),
        (1000149, 'GATHER_RESOURCE', 1, null, 'CARDS', 10),
        (1000150, 'BUILD', 1, null, '44', 10),
        (1000151, 'ABILITY_USE', 1, 'ASSASSIN', '8', 10),
        (1000152, 'GATHER_RESOURCE', 3, null, 'GOLD', 10),
        (1000153, 'BUILD', 3, null, '15', 10),
        (1000154, 'ABILITY_USE', 3, 'THIEF', '5', 10),
        (1000155, 'GATHER_RESOURCE', 2, null, 'CARDS', 10),
        (1000156, 'ABILITY_USE', 2, 'MAGICIAN_DECK', '[0]', 10),
        (1000157, 'BUILD', 2, null, '10', 10),
        (1000158, 'GATHER_RESOURCE', 4, null, 'GOLD', 10),
        (1000159, 'ABILITY_USE', 4, 'RELIGIOUS_GOLD', null, 10),
        (1000160, 'SELECT_CHARACTER', 3, null, '7', 11),
        (1000161, 'SELECT_CHARACTER', 4, null, '3', 11),
        (1000162, 'SELECT_CHARACTER', 1, null, '2', 11),
        (1000163, 'SELECT_CHARACTER', 2, null, '8', 11),
        (1000164, 'GATHER_RESOURCE', 1, null, 'GOLD', 11),
        (1000165, 'ABILITY_USE', 1, 'THIEF', '6', 11),
        (1000166, 'GATHER_RESOURCE', 4, null, 'CARDS', 11),
        (1000167, 'ABILITY_USE', 4, 'MAGICIAN_DECK', '[0]', 11);